"$__","$isNew","_doc"
"{""activePaths"":{""paths"":{""status"":""init"",""gender"":""init"",""email"":""init"",""name"":""init"",""id"":""init"",""_id"":""init"",""__v"":""init""},""states"":{""require"":{},""init"":{""_id"":true,""id"":true,""name"":true,""email"":true,""gender"":true,""status"":true,""__v"":true}}},""skipId"":true}",false,"{""_id"":""653d24ed2adabf5c0bbe097c"",""id"":5543052,""name"":""Giriraaj"",""email"":""giriraaj_sinha_cpa@hoppe.test"",""gender"":""female"",""status"":""inactive"",""__v"":0}"
"{""activePaths"":{""paths"":{""status"":""init"",""gender"":""init"",""email"":""init"",""name"":""init"",""id"":""init"",""_id"":""init"",""__v"":""init""},""states"":{""require"":{},""init"":{""_id"":true,""id"":true,""name"":true,""email"":true,""gender"":true,""status"":true,""__v"":true}}},""skipId"":true}",false,"{""_id"":""653d24ed2adabf5c0bbe097e"",""id"":5543050,""name"":""Sarvin Ahuja"",""email"":""ahuja_sarvin@kuhlman.test"",""gender"":""male"",""status"":""active"",""__v"":0}"
"{""activePaths"":{""paths"":{""status"":""init"",""gender"":""init"",""email"":""init"",""name"":""init"",""id"":""init"",""_id"":""init"",""__v"":""init""},""states"":{""require"":{},""init"":{""_id"":true,""id"":true,""name"":true,""email"":true,""gender"":true,""status"":true,""__v"":true}}},""skipId"":true}",false,"{""_id"":""653d24ed2adabf5c0bbe0980"",""id"":5543049,""name"":""Tanushree Pilla"",""email"":""tanushree_pilla@corwin-aufderhar.test"",""gender"":""female"",""status"":""inactive"",""__v"":0}"
"{""activePaths"":{""paths"":{""status"":""init"",""gender"":""init"",""email"":""init"",""name"":""init"",""id"":""init"",""_id"":""init"",""__v"":""init""},""states"":{""require"":{},""init"":{""_id"":true,""id"":true,""name"":true,""email"":true,""gender"":true,""status"":true,""__v"":true}}},""skipId"":true}",false,"{""_id"":""653d24ed2adabf5c0bbe0982"",""id"":5543048,""name"":""Mr. Anuja Mukhopadhyay"",""email"":""mukhopadhyay_mr_anuja@barton.example"",""gender"":""female"",""status"":""inactive"",""__v"":0}"
"{""activePaths"":{""paths"":{""status"":""init"",""gender"":""init"",""email"":""init"",""name"":""init"",""id"":""init"",""_id"":""init"",""__v"":""init""},""states"":{""require"":{},""init"":{""_id"":true,""id"":true,""name"":true,""email"":true,""gender"":true,""status"":true,""__v"":true}}},""skipId"":true}",false,"{""_id"":""653d24ee2adabf5c0bbe0984"",""id"":5543047,""name"":""Diksha Kapoor"",""email"":""kapoor_diksha@erdman.test"",""gender"":""female"",""status"":""inactive"",""__v"":0}"
"{""activePaths"":{""paths"":{""status"":""init"",""gender"":""init"",""email"":""init"",""name"":""init"",""id"":""init"",""_id"":""init"",""__v"":""init""},""states"":{""require"":{},""init"":{""_id"":true,""id"":true,""name"":true,""email"":true,""gender"":true,""status"":true,""__v"":true}}},""skipId"":true}",false,"{""_id"":""653d24ee2adabf5c0bbe0986"",""id"":5543046,""name"":""Deepankar Jain"",""email"":""deepankar_jain@osinski-reichel.test"",""gender"":""female"",""status"":""active"",""__v"":0}"
"{""activePaths"":{""paths"":{""status"":""init"",""gender"":""init"",""email"":""init"",""name"":""init"",""id"":""init"",""_id"":""init"",""__v"":""init""},""states"":{""require"":{},""init"":{""_id"":true,""id"":true,""name"":true,""email"":true,""gender"":true,""status"":true,""__v"":true}}},""skipId"":true}",false,"{""_id"":""653d24ee2adabf5c0bbe0988"",""id"":5543044,""name"":""Kanak Embranthiri"",""email"":""kanak_embranthiri@welch-rowe.test"",""gender"":""female"",""status"":""active"",""__v"":0}"
"{""activePaths"":{""paths"":{""status"":""init"",""gender"":""init"",""email"":""init"",""name"":""init"",""id"":""init"",""_id"":""init"",""__v"":""init""},""states"":{""require"":{},""init"":{""_id"":true,""id"":true,""name"":true,""email"":true,""gender"":true,""status"":true,""__v"":true}}},""skipId"":true}",false,"{""_id"":""653d24ee2adabf5c0bbe098a"",""id"":5543043,""name"":""Devesh Agarwal"",""email"":""agarwal_devesh@waelchi.example"",""gender"":""male"",""status"":""active"",""__v"":0}"
"{""activePaths"":{""paths"":{""status"":""init"",""gender"":""init"",""email"":""init"",""name"":""init"",""id"":""init"",""_id"":""init"",""__v"":""init""},""states"":{""require"":{},""init"":{""_id"":true,""id"":true,""name"":true,""email"":true,""gender"":true,""status"":true,""__v"":true}}},""skipId"":true}",false,"{""_id"":""653d24ef2adabf5c0bbe098c"",""id"":5543042,""name"":""Sen. Akshita Gupta"",""email"":""gupta_akshita_sen@willms-von.example"",""gender"":""female"",""status"":""active"",""__v"":0}"
"{""activePaths"":{""paths"":{""status"":""init"",""gender"":""init"",""email"":""init"",""name"":""init"",""id"":""init"",""_id"":""init"",""__v"":""init""},""states"":{""require"":{},""init"":{""_id"":true,""id"":true,""name"":true,""email"":true,""gender"":true,""status"":true,""__v"":true}}},""skipId"":true}",false,"{""_id"":""653d24ef2adabf5c0bbe098e"",""id"":5543041,""name"":""Dr. Opalina Pilla"",""email"":""pilla_opalina_dr@fadel-thompson.example"",""gender"":""female"",""status"":""active"",""__v"":0}"